Video Name:,Crosses25+ (Deep Cross),,,,,,,
,"Key Actions (Frame Number, player track id)",,,,,,,
Video #,Pre Snap,Ball Snap,Pass Block,Snap Receive,Run Deep Cross Route,Throw Pass,Ball Carry,End of Play
1,"0,ALL","6,18","9,OL","20,26,11","20,197,11","117,124,11","198,57",TD
2,"0,ALL",-,"-,OL",-,-,-,TD,
3,"0,ALL","21,19","24,OL","34,37,15","34,246,3","175,185,15","249,27",OOB
4,"0,ALL",-,"-,OL",-,-,-,OOB,
5,"0,ALL","21,18","24,OL","35,39,7","35,205,2","129,138,7",-,TD
6,"0,ALL",-,"-,OL",-,-,-,TD,
7,"0,ALL","10,17","13,OL","25,28,13","25,193,2","105,115,13","195,2",Tac
8,"0,ALL",-,"-,OL",-,-,-,Tac,
9,"0,ALL","14,10","17,OL","28,30,14","28,180,4","105,117,14","185,4",TD
10,"0,ALL",-,"-,OL",-,-,-,TD,
11,"0,ALL",-,"3,OL","2,6,21","6,204,4","107,116,21",-,TD
12,"0,ALL",-,"-,OL",-,-,-,TD,
13,"0,ALL","8,11","11,OL","20,23,13","20,190,1","116,124,13",-,OOB
14,"0,ALL",-,"-,OL",-,-,-,OOB,
15,"0,ALL","8,14","11,OL","26,29,10","26,199,3","122,132,20",-,Completion
16,"0,ALL",-,"-,OL",-,-,-,,Completion
17,"0,ALL","10,20","13,OL","14,17,18","14,166,4","96,104,18","168,4",TD
18,"0,ALL",-,"-,OL",-,-,-,TD,
19,"0,ALL","16,14","19,OL","28,31,15","28,210,0","121,131,15",-,Comp.
20,"0,ALL",-,"-,OL",-,-,-,Comp.,
21,"0,ALL","23,13","27,OL","38,41,8","38,209,0","148,158,8",-,'
22,"0,ALL",-,"-,OL",-,-,-,',
23,"0,ALL","1,19","4,OL","9,12,2","9,148,1","82,91,2","152,1",OOB
24,"0,ALL",-,"-,OL",-,-,-,OOB,
25,"0,ALL","15,21","18,OL","37,39,20","37,221,3","124,141,20",-,TD
26,"0,ALL",-,"-,OL",-,-,-,TD,
27,"0,ALL","8,20","11,OL","24,27,16","24,175,12","112,122,16",-,Tac
28,"0,ALL",-,"-,OL",-,-,-,Tac,
29,"0,ALL","3,19","6,OL","15,18,14","15,183,2","97,106,14","186,2",TD
30,"0,ALL",-,"-,OL",-,-,-,TD,
31,"0,ALL","2,16","5,OL","17,20,15","17,173,0","95,103,15",-,Tac
32,"0,ALL",-,"-,OL",-,-,-,Tac,
33,"0,ALL","23,16","26,OL","39,42,13","39,198,4","117,126,13","185,4",Tac
34,"0,ALL",-,"-,OL",-,-,-,Tac,
35,"0,ALL","12,17","15,OL","16,18,12","28,203,25","134,147,12","204,25",TD
36,"0,ALL",-,"-,OL",-,-,-,TD,
37,"0,ALL",-,"10,OL","12,15,15","15,190,1","104,114,15","191,1",TD
38,"0,ALL",-,"-,OL",-,-,-,TD,
39,"0,ALL","12,14","15,OL","27,30,13","27,185,1","128,137,13","189,1",Tac
40,"0,ALL",-,"-,OL",-,-,-,Tac,
41,"0,ALL","17,18","20,OL","30,33,19","30,243,0","158,166,19","244,0",TD
42,"0,ALL",-,"-,OL",-,-,-,TD,
43,"0,ALL","22,20","25,OL","36,39,9","36,171,3","115,123,9",-,Tac
44,"0,ALL",-,"-,OL",-,-,-,Tac,
45,"0,ALL","14,19","17,OL","29,32,16","29,188,1","111,120,16","191,1",TD
46,"0,ALL",-,"-,OL",-,-,-,TD,
47,"0,ALL","19,17","22,OL","33,36,13","33,206,8","122,138,13","218,8",Tac
48,"0,ALL",-,"-,OL",-,-,-,Tac,
49,"0,ALL","11,14","14,OL","26,29,12","26,190,11","109,120,12",-,Tac
50,"0,ALL",-,"-,OL",-,-,-,Tac,
51,"0,ALL",-,"3,OL","11,14,10","11,191,3","110,121,10","200,3",Tac
52,"0,ALL",-,"-,OL",-,-,-,Tac,
53,"0,ALL","12,20","16,OL","28,31,19","28,204,2","112,122,19",-,TD
54,"0,ALL",-,"-,OL",-,-,-,TD,
55,"0,ALL","4,18","7,OL","9,12,15","18,160,8","110,120,15","165,8",Tac
56,"0,ALL",-,"-,OL",-,-,-,Tac,
57,"0,ALL","12,19","15,OL","27,30,8","27,195,0","111,120,8",-,TD
58,"0,ALL",-,"-,OL",-,-,-,TD,
59,"0,ALL","16,10","19,OL","31,34,7","31,231,1","127,138,7",-,Comp.
60,"0,ALL",-,"-,OL",-,-,-,Comp.,
61,"0,ALL","19,20","22,OL","36,39,14","36,188,1","155,143,14",-,'
62,"0,ALL",-,"-,OL",-,-,-,',
63,"0,ALL","17,14","20,OL","32,35,16","32,189,18","121,129,16",-,'
64,"0,ALL",-,"-,OL",-,-,-,',
65,"0,ALL","13,15","16,OL","28,31,18","30,211,1","121,131,18",-,Completion
66,"0,ALL",-,"-,OL",-,-,-,',
67,"0,ALL","3,21","6,OL","18,21,20","18,198,5","111,119,20",-,TD
68,"0,ALL",-,"-,OL",-,-,-,TD,
69,"0,ALL","16,14","19,OL","30,33,13","30,186,5","107,119,13","195,5",Comp.
70,"0,ALL",-,"-,OL",-,-,-,',
71,"0,ALL",-,"5,OL","11,14,12","11,168,17","98,106,12","173,17",TD
72,"0,ALL",-,"-,OL",-,-,-,TD,
73,"0,ALL","22,13","25,OL","36,39,12","36,234,15","145,155,12",-,TD
74,"0,ALL",-,"-,OL",-,-,-,TD,
75,"0,ALL","24,16","27,OL","41,44,6","41,265,15","155,167,6",-,TD
76,"0,ALL",-,"-,OL",-,-,-,Tac,
77,"0,ALL","11,15","14,OL","23,25,7","23,226,0","155,165,7",-,Tac
78,"0,ALL",-,"-,OL",-,-,-,TD,
79,"0,ALL","3,16","6,OL","20,22,18","20,198,0","122,131,18",-,TD
80,"0,ALL",-,"-,OL",-,-,-,OOB,
81,"0,ALL","17,14","20,OL","31,33,9","31,202,2","133,141,9",-,OOB
82,"0,ALL",-,"-,OL",-,-,-,Comp.,
83,"0,ALL","24,13","29,OL","30,36,19","40,200,22","123,130,19",-,Comp.
84,"0,ALL",-,"-,OL",-,-,-,TD,
85,"0,ALL","2,17","5,OL","6,9,16","16,198,3","120,129,16",-,TD
86,"0,ALL",-,"-,OL",-,-,-,TD,
87,"0,ALL","9,14","12,OL","15,17,18","26,206,4","123,134,18",-,TD
88,"0,ALL",-,"-,OL",-,-,-,OOB,
89,"0,ALL","1,15","4,OL","13,16,9","13,158,1","94,98,9","163,1",OOB
90,"0,ALL",-,"-,OL",-,-,-,Tac,
91,"0,ALL",-,"4,OL","10,12,15","10,165,1","93,104,15",-,Tac
92,"0,ALL",-,"-,OL",-,-,-,Tac,
93,"0,ALL","19,16","22,OL","32,34,15","32,195,1","131,141,15","203,1",Tac
94,"0,ALL",-,"-,OL",-,-,-,Tac,
95,"0,ALL","1,15","11,OL","6,9,20","14,169,0","87,96,20",-,Comp.
96,"0,ALL",-,"-,OL",-,-,-,Comp.,
97,"0,ALL",-,"1,OL","10,12,14","10,171,1","87,95,14","176,1",TD
98,"0,ALL",-,"-,OL",-,-,-,TD,
99,"0,ALL","4,12","14,OL","26,29,20","26,186,0","110,119,20",-,Comp.
100,"0,ALL",-,"-,OL",-,-,-,Comp.,
101,"0,ALL","23,8","26,OL","38,40,9","38,177,2","110,119,9","184,2",Comp.
102,"0,ALL",-,"-,OL",-,-,-,Comp.,
103,"0,ALL",-,"5,OL","15,17,19","15,167,2","100,111,19",-,TD
104,"0,ALL",-,"-,OL",-,-,-,TD,
105,"0,ALL","1,17","6,OL","13,15,13","13,167,29","109,118,13",-,OOB
106,"0,ALL",-,"-,OL",-,-,-,OOB,
107,"0,ALL","27,13","30,OL","42,44,20","42,207,0","126,137,20","215,0",TD
108,"0,ALL",-,"-,OL",-,-,-,TD,
109,"0,ALL","15,21","18,OL","29,31,14","29,171,11","92,101,14",-,TD
110,"0,ALL",-,"-,OL",-,-,-,TD,