Video Name:,Kickoff Return TD,,,,,
,"Key Actions (Frame Number, player track id)",,,,,
Video #,Pre Snap,Kick Approach,Kick Ball,Catch Kick,Ball Carry,Cross Goal Line
1,"0,ALL","3,11","69,72,11","187,52","210,52","587,596,52"
2,"0,ALL","8,12","56,60,12","171,24","183,24","570,?,24"
3,"0,ALL","107,2","164,170,12","285,41","288,41","740,750,41"
4,"0,ALL","44,14","86,91,14","199,225,26","254,43","651,660,43"
5,"0,ALL","129,11","183,187,11","295,299,51","323,51","?,51"
6,"0,ALL","72,8","137,143,8","249,253,50","283,50","687,690,50"
7,"0,ALL","22,12","83,88,12","201,205,33","216,33","618,?,33"
8,"0,ALL","62,19","119,124,19","238,246,16","254,16","660,?,16"
9,"0,ALL","56,10","146,149,10","252,257,46","268,46","603,615,46"
10,"0,ALL","18,15","85,88,15","190,195,21","210,21","540,?,21"
11,"0,ALL","108,26","182,185,26","284,288,61","302,61","630,?,61"
12,"0,ALL","58,5","112,118,5","213,222,39","239,39","561,570,39"
13,"0,ALL","50,12","116,121,12","243,248,45","257,45","646,658,45"
14,"0,ALL","66,5","129,133,5","254,259,13","270,13","658,677,13"
15,"0,ALL","124,9","187,192,9","307,312,43","331,43","678,690,43"
16,"0,ALL","16,14","54,58,14","172,176,18","193,18","547,558,18"
17,"0,ALL","47,16","65,69,16","183,189,11","196,11","495,508,11"
18,"0,ALL","37,18","60,63,18","184,189,1","201,1","487,510,1"
19,"0,ALL","12,10","60,64,10","174,185,29","195,29","510,?,29"
20,"0,ALL","35,9","77,81,9","181,193,19","205,19","526,538,19"
21,"0,ALL","49,13","92,96,13","203,207,31","227,31","588,600,9"
22,"0,ALL","68,15","94,101,15","205,214,16","240,16","591,600,16"
23,"0,ALL","110,16","75,78,16","174,189,21","199,21","557,570,21"
24,"0,ALL","31,6","89,97,6","194,204,12","212,12","570,?,12"
25,"0,ALL","79,12","168,173,12","295,300,29","311,29","690,?,29"
26,"0,ALL","19,12","105,108,12","233,243,14","241,14","630,?,14"
27,"0,ALL","39,5","98,103,5","211,225,6","236,6","595,600,6"
28,"0,ALL","20,8","90,93,8","193,207,21","225,21","583,598,21"
29,"0,ALL","27,9","85,88,9","183,201,94","225,94","556,570,94"
30,"0,ALL","42,15","88,93,15","192,205,19","218,19","555,570,19"
31,"0,ALL","15,5","66,71,5","184,192,39","210,39","585,598,39"
32,"0,ALL","41,13","106,110,13","223,232,21","250,21","626,630,20"
33,"0,ALL","12,5","67,72,5","186,193,26","202,26","556,565,26"
34,"0,ALL","15,21","77,80,21","194,200,20","210,20","570,?,20"
35,"0,ALL","9,9","86,91,20","190,198,10","210,10","527,538,10"
36,"0,ALL","364,16","402,405,16","506,511,34","523,34","838,868,34"
37,"0,ALL","31,12","87,93,28","204,209,11","227,11","659,?,11"
38,"0,ALL","13,15","79,83,15","187,199,19","206,19","651,660,19"
39,"0,ALL","46,8","127,132,8","245,256,13","266,13","623,630,13"
40,"0,ALL","86,15","147,153,15","252,266,1","282,1","642,655,1"
41,"0,ALL","13,9","79,83,9","187,193,50","213,50","622,630,50"
42,"0,ALL","15,17","100,103,17","213,218,1","241,1","632,659,1"
43,"0,ALL","3,16","88,93,16","183,212,23","251,23","679,685,23"
44,"0,ALL","17,15","81,87,15","170,235,2","260,2","?,2"
45,"0,ALL",-,-,-,-,-
46,"0,ALL","82,21","148,153,21","262,266,0","290,0","715,720,8"
47,"0,ALL","16,7","93,97,7","204,218,48","231,48","?,48"
48,"0,ALL","19,11","78,83,11","188,197,41","218,41","653,660,41"
49,"0,ALL","13,5","93,97,5","207,213,37","225,37","?,37"
50,"0,ALL","24,11","112,117,24","225,234,34","243,34","600,?,34"
51,"0,ALL","80,12","141,145,12","198,203,3","211,3","376,385,3"
52,"0,ALL","118,16","167,172,16","217,228,10","242,10","400,411,10"
53,"0,ALL","15,8","86,92,8","201,211,41","248,41","621,630,41"
54,"0,ALL","9,18","99,101,18","210,216,16","235,16","620,630,16"
55,"0,ALL","115,7","174,179,7","283,290,32","310,32","?,32"
56,"0,ALL","117,15","171,176,15","278,288,21","313,21","614,622,21"
57,"0,ALL","4,14","60,63,14","167,178,27","194,27","584,591,27"
58,"0,ALL","4,17","80,85,17","190,198,16","213,16","?,16"
59,"0,ALL","26,6","80,82,6","198,220,37","219,37","595,600,37"
60,"0,ALL","61,3","94,99,3","216,223,29","241,29","613,626,29"
61,"0,ALL","15,7","108,113,7","227,234,27","248,27","600,?,27"
62,"0,ALL","15,17","101,105,17","218,226,20","246,20","594,600,20"
63,"0,ALL","18,8","93,97,8","205,207,39","233,39","630,?,39"
64,"0,ALL","16,18","51,57,18","160,164,11","180,11","583,600,11"
65,"0,ALL","23,9","101,105,9","205,214,42","239,42","616,624,42"
66,"0,ALL","24,8","88,92,8","200,207,21","224,21","?,21"
67,"0,ALL","21,5","101,107,5","200,219,37","250,37","630,?,37"
68,"0,ALL","5,5","79,85,5","185,199,1","228,1","600,?,1"
69,"0,ALL","23,8","58,62,8","177,192,27","221,27","591,597,27"
70,"0,ALL","42,19","89,94,19","212,221,25","241,25","614,622,43"
71,"0,ALL","14,3","55,59,3","173,181,17","190,17","540,?,17"
72,"0,ALL","6,10","33,39,10","152,161,0","175,0","?,0"
73,"0,ALL","40,7","93,97,7","205,211,32","223,32","558,567,32"
74,"0,ALL","6,10","61,65,10","181,195,29","199,29","538,?,29"
75,"6,ALL","86,9","142,149,9","268,275,21","287,21","620,627,21"
76,"0,ALL","19,9","53,57,9","159,166,25","190,25","?,25"
77,"0,ALL","24,14","84,92,14","189,199,9","222,9","575,588,9"
78,"0,ALL","14,5","103,107,5","207,214,34","221,34","528,537,34"
79,"0,ALL","27,15","85,89,15","189,210,6","213,6","507,510,4"
80,"0,ALL","49,13","75,81,13","184,193,27","205,27","?,27"
81,"0,ALL","26,19","70,74,19","181,187,5","199,5","568,?,5"
82,"0,ALL","19,15","101,105,15","212,221,36","239,36","?,36"
83,"0,ALL","73,1","146,151,1","258,267,20","280,20","652,659,20"
84,"0,ALL","8,8","59,64,8","182,192,34","209,34","?,34"
85,"0,ALL","33,15","73,77,15","196,205,21","224,21","565,570,21"
86,"0,ALL","14,11","78,82,11","196,202,36","211,36","?,36"
87,"0,ALL","28,14","98,103,14","218,222,22","235,22","600,?,22"
88,"0,ALL","56,13","133,138,13","249,256,23","266,23","?,23"
89,"0,ALL","40,11","116,122,11","234,242,5","256,5","612,628,5"
90,"0,ALL","64,12","114,119,12","230,234,39","244,39","?,39"
91,"0,ALL","16,7","68,72,7","183,189,42","206,42","588,598,42"
92,"0,ALL","34,9","115,120,9","224,231,28","243,28","594,600,28"
93,"0,ALL","31,7","66,70,7","175,183,2","190,2","538,?,2"
94,"0,ALL","16,12","71,75,12","183,190,47","201,47","?,47"
95,"0,ALL","21,10","61,66,10","168,178,19","192,19","597,?,19"
96,"0,ALL","17,7","59,64,7","172,177,81","189,81","622,630,81"
97,"0,ALL","16,15","82,87,15","197,203,4","211,4","645,659,53"
98,"0,ALL","18,7","67,71,7","194,198,45","215,45","?,45"
99,"0,ALL","54,11","94,99,11","216,227,45","258,45","?,45"
100,"0,ALL","13,5","72,76,5","184,191,36","198,36","?,36"
101,"0,ALL","21,16","86,92,16","200,207,42","217,42","540,?,42"