Video Name:,QB Zone Read,,,,,,,,,,
,"Key Actions (Frame Number, player track id)",,,,,,,,,,
Video #,Pre Snap,Ball Snap,Zone Block,Snap Receive,Read Defender,Keep,Ball Carry,Block Second Level,End of OL Block,End of Play,Classification
1,"0,ALL","1,20","4,OL","18,11","24,11","35,11","46,11","30,21",70,OOB,OutsideZoneRead
2,"0,ALL","1,17","4,OL","10,10","14,10","28,10","43,10","23,3",60,OOB,OutsideZoneRead
3,"0,ALL","19,18","22,OL","31,15","33,15","48,15","59,15","48,19",87,OOB,InsideZoneRead
4,"0,ALL","18,15","21,OL","30,8","33,8","46,8","64,8","34,9",80,OOB,InsideZoneRead
5,"0,ALL","7,5","10,OL","20,19","25,19","33,19","47,19",-,70,OOB,InsideZoneRead
6,"0,ALL","15,15","18,OL","30,8","33,8","44,8","57,8",-,73,OOB,InsideZoneRead
7,"0,ALL","2,22","5,OL","16,16","19,16","38,16","52,16","28,20",86,Tac,OutsideZoneRead
8,"0,ALL","11,16","14,OL","21,10","31,10","46,10","58,10","43,5",88,Tac,OutsideZoneRead
9,"0,ALL","1,20","4,OL","12,11","16,11","32,11","42,11",-,76,OOB,InsideZoneRead
10,"0,ALL","4,10","7,OL","18,15","22,15","35,15","48,15",-,75,OOB,InsideZoneRead
11,"0,ALL","1,15","4,OL","7,17","10,17","25,17","34,17",-,60,Tac,OutsideZoneRead
12,"0,ALL","1,14","4,OL","18,7","23,7","36,7","45,7",-,62,Tac,OutsideZoneRead
13,"0,ALL","14,11","17,OL","30,13","34,13","44,13","56,13",-,94,Tac,InsideZoneRead
14,"0,ALL","29,17","32,OL","43,12","46,12","55,12","71,12",-,101,Tac,InsideZoneRead
15,"0,ALL","7,16","10,OL","18,12","23,12","43,12","52,12",-,86,OOB,InsideZoneRead
16,"0,ALL","0,12","0,OL","4,4","10,4","29,4","45,4",-,75,OOB,InsideZoneRead
17,"0,ALL","0,22","0,OL","3,17","9,17","19,17","32,17",-,85,Tac,Counter
18,"0,ALL","16,11","19,OL","32,8","37,8","45,8","62,8",-,111,Tac,Counter
19,"0,ALL","10,22","13,OL","24,18","29,18","38,18","54,18","20,20",92,Tac,OutsideZoneRead
20,"0,ALL","125,7","128,OL","140,5","147,5","150,5","168,5",-,193,Tac,OutsideZoneRead
21,"0,ALL","8,20","11,OL","21,10","25,10","37,10","63,10",-,82,Tac,InsideZoneRead
22,"0,ALL","23,9","26,OL","39,11","42,11","49,11","79,11",-,96,Tac,InsideZoneRead
23,"0,ALL","10,10","13,OL","27,7","31,7","37,7","59,7",-,91,Tac,InsideZoneRead
24,"0,ALL","13,4","16,OL","29,10","31,10","37,10","60,10",-,89,Tac,InsideZoneRead
25,"0,ALL","2,22","5,OL","11,16","16,16","24,16","36,16",-,62,OOB,InsideZoneRead
26,"0,ALL","6,15","9,OL","17,5","21,5","30,5","47,5",-,62,OOB,InsideZoneRead
27,"0,ALL","21,21","24,OL","34,7","37,7","46,7","62,7",-,101,Tac,InsideZoneRead
28,"0,ALL","10,15","13,OL","23,5","27,5","32,5","53,5",-,74,Tac,InsideZoneRead
29,"0,ALL","18,21","21,OL","33,16","39,16","49,16","66,16","55,4",113,Tac,InsideZoneRead
30,"0,ALL","20,14","23,OL","33,7","39,7","48,7","72,7","51,14",92,Tac,InsideZoneRead
31,"0,ALL","3,15","6,OL","18,17","22,17","25,17","41,17",-,64,OOB,OutsideZoneRead
32,"0,ALL","6,9","9,OL","22,5","24,5","31,5","46,5",-,61,OOB,OutsideZoneRead
33,"0,ALL","0,14","3,OL","14,15","16,15","20,15","44,15",-,76,TD,InsideZoneRead
34,"0,ALL","0,9","3,OL","13,3","15,3","20,3","49,3",-,70,TD,InsideZoneRead
35,"0,ALL","5,14","8,OL","20,15","22,15","32,15","58,15",-,90,Tac,InsideZoneRead
36,"0,ALL","14,16","17,OL","31,5","34,5","39,5","65,5",-,89,Tac,InsideZoneRead
37,"0,ALL","10,19","13,OL","24,19","32,19","39,19","58,19",-,77,OOB,InsideZoneRead
38,"0,ALL","11,16","14,OL","25,13","30,13","37,13","61,13",-,84,OOB,InsideZoneRead
39,"0,ALL","9,13","12,OL","25,22","29,22","34,22","58,22",-,96,Tac,OutsideZoneRead
40,"0,ALL","8,12","11,OL","20,10","24,10","28,10","54,10",-,96,Tac,OutsideZoneRead
41,"0,ALL","11,22","14,OL","28,20","31,20","44,20","53,20",-,81,Tac,Counter
42,"0,ALL","19,15","22,OL","35,11","37,11","50,11","64,11",-,106,Tac,Counter
43,"0,ALL","11,16","14,OL","23,13","26,13","36,13","47,13","32,19",83,Tac,InsideZoneRead
44,"0,ALL","8,14","11,OL","20,12","23,12","32,12","44,12","28,14",79,Tac,InsideZoneRead
45,"0,ALL","17,15","20,OL","31,18","35,18","49,18","69,18","62,16",102,Tac,InsideZoneRead
46,"0,ALL","21,14","24,OL","33,12","40,12","50,12","71,12","66,8",98,Tac,InsideZoneRead
47,"0,ALL","16,18","19,OL","30,13","35,13","42,13","57,13",-,96,Tac,InsideZoneRead
48,"0,ALL","1,10","4,OL","13,9","17,9","25,9","44,9",-,80,Tac,InsideZoneRead
49,"0,ALL","19,22","22,OL","33,11","37,11","50,11","65,11","50,22",85,Tac,InsideZoneRead
50,"0,ALL","1,17","4,OL","13,19","19,19","32,19","49,19","30,17",71,Tac,InsideZoneRead
51,"0,ALL","3,19","6,OL","14,13","21,13","31,13","43,13","30,23",84,OOB,InsideZoneRead
52,"0,ALL","18,10","21,OL","29,11","35,11","40,11","62,11","40,16",91,OOB,InsideZoneRead
53,"0,ALL","8,22","11,OL","23,17","27,17","34,17","54,17",-,77,OOB,InsideZoneRead
54,"0,ALL","15,15","18,OL","29,9","33,9","39,9","64,9",-,93,OOB,InsideZoneRead
55,"0,ALL","10,8","13,OL","27,11","38,11","45,11","61,11","45,21",131,Tac,InsideZoneRead
56,"0,ALL","21,15","24,OL","34,9","43,9","49,9","77,9",-,124,Tac,InsideZoneRead
57,"0,ALL","9,7","12,OL","24,22","29,22","35,22","61,22",-,96,Tac,InsideZoneRead
58,"0,ALL","10,8","13,OL","27,7","30,7","40,7","67,7",-,82,Tac,InsideZoneRead
59,"0,ALL","14,11","17,OL","31,21","36,21","40,21","60,21",-,91,OOB,InsideZoneRead
60,"0,ALL","15,17","18,OL","29,8","32,8","40,8","60,8",-,82,OOB,InsideZoneRead
61,"0,ALL","15,21","17,OL","27,7","36,7","47,7","66,7","56,18",97,OOB,InsideZoneRead
62,"0,ALL","3,18","6,OL","17,10","22,10","32,10","55,10","24,8",84,OOB,InsideZoneRead
63,"0,ALL","9,17","12,OL","26,5","30,5","33,5","50,5","20,17",87,OOB,OutsideZoneRead
64,"0,ALL","8,13","11,OL","26,2","31,2","36,2","48,2","21,13",78,OOB,OutsideZoneRead
65,"0,ALL","16,19","19,OL","33,18","40,18","49,18","65,18",-,100,OOB,InsideZoneRead
66,"0,ALL","1,12","4,OL","17,7","23,7","32,7","51,7",-,77,OOB,InsideZoneRead
67,"0,ALL","25,20","28,OL","36,6","40,6","56,6","70,6",-,110,TD,InsideZoneRead
68,"0,ALL","29,3","32,OL","43,13","48,13","56,13","78,13",-,108,TD,InsideZoneRead
69,"0,ALL","1,17","4,OL","11,15","14,15","16,15","57,15",-,79,OOB,OutsideZoneRead
70,"6,ALL","24,14","27,OL","37,6","44,6","53,6","76,6",-,95,OOB,OutsideZoneRead
71,"0,ALL","23,19","26,OL","34,1","41,1","52,1","75,1",-,101,TD,InsideZoneRead
72,"0,ALL","71,10","74,OL","79,12","86,12","94,12","122,12",-,133,TD,InsideZoneRead
73,"0,ALL","24,12","27,OL","38,13","47,13","58,13","72,13","64,12",102,Tac,OutsideZoneRead
74,"0,ALL","20,15","23,OL","33,11","37,11","47,11","66,11","59,3",86,Tac,OutsideZoneRead
75,"0,ALL","19,14","22,OL","35,19","42,19","51,19","70,19",-,107,TD,InsideZoneRead
✓,76,"0,ALL","26,11","29,OL","41,8","47,8","57,8","80,8",110,TD,InsideZoneRead
77,"0,ALL","3,12","6,OL","18,17","21,17","23,17","42,17",-,58,Tac,OutsideZoneRead
78,"0,ALL","11,15","14,OL","25,10","29,10","32,10","47,10",-,61,Tac,OutsideZoneRead
79,"0,ALL","4,16","7,OL","20,3","25,3","29,3","51,3",-,82,TD,InsideZoneRead
80,"0,ALL","11,13","14,OL","22,6","29,6","32,6","54,6",-,100,TD,InsideZoneRead
81,"0,ALL","3,22","6,OL","14,6","22,6","33,6","50,6",-,146,TD,InsideZoneRead
✓,82,"0,ALL","22,13","25,OL","35,12","40,12","48,12","69,12",122,TD,InsideZoneRead
83,"0,ALL","15,17","18,OL","28,18","33,18","44,18","67,18",-,98,OOB,InsideZoneRead
84,"0,ALL","19,13","22,OL","30,10","35,10","48,10","68,10",-,106,OOB,InsideZoneRead
85,"0,ALL","3,19","6,OL","18,9","21,9","33,9","52,9",-,90,Tac,InsideZoneRead
86,"0,ALL","11,16","14,OL","26,8","30,8","38,8","64,8",-,94,Tac,InsideZoneRead
87,"0,ALL","3,16","6,OL","17,12","21,12","26,12","51,12",-,68,Tac,OutsideZoneRead
88,"0,ALL","21,14","24,OL","34,11","37,11","42,11","65,11",-,79,Tac,OutsideZoneRead
89,"0,ALL","17,20","20,OL","29,22","34,22","40,22","62,22",-,97,Tac,InsideZoneRead
90,"0,ALL","27,14","30,OL","41,2","47,2","53,2","67,2",-,101,Tac,InsideZoneRead
91,"0,ALL","20,22","23,OL","35,13","39,13","44,13","61,13",-,91,TD,InsideZoneRead
92,"0,ALL","23,16","26,OL","37,5","42,5","43,5","66,5",-,93,TD,InsideZoneRead
93,"0,ALL","18,20","21,OL","29,12","31,12","35,12","49,12","42,8",93,TD,InsideZoneRead
94,"0,ALL","21,16","24,OL","34,12","39,12","43,12","61,12","41,17",96,TD,InsideZoneRead
95,"0,ALL","18,17","21,OL","31,4","37,4","47,4","61,4",-,86,Tac,InsideZoneRead
96,"0,ALL","10,10","13,OL","21,3","27,3","37,3","52,3",-,76,Tac,InsideZoneRead
97,"0,ALL","2,22","5,OL","11,20","15,20","18,20","40,20",-,77,TD,InsideZoneRead
98,"0,ALL","19,14","22,OL","32,13","35,13","40,13","64,13",-,93,TD,InsideZoneRead
99,"0,ALL","1,[?]","4,OL","13,12","15,12","19,12","39,12",-,78,TD,InsideZoneRead
100,"0,ALL","13,10","16,OL","28,9","30,9","36,9","59,9",-,91,TD,InsideZoneRead
101,"0,ALL","15,18","18,OL","34,16","39,16","46,16","70,16","44,17",111,OOB,InsideZoneRead
102,"0,ALL","1,16","4,OL","19,12","22,12","31,12","54,12","28,5",85,OOB,InsideZoneRead
103,"0,ALL","16,20","19,OL","26,8","33,8","44,8","61,8",-,93,Tac,InsideZoneRead
104,"0,ALL","5,9","8,OL","19,6","26,6","36,6","59,6",-,96,Tac,InsideZoneRead
105,"0,ALL","16,20","19,OL","28,10","34,10","47,10","70,10","43,16",84,Tac,OutsideZoneRead
106,"0,ALL","1,3","4,OL","10,12","15,12","27,12","47,12","20,8",81,Tac,OutsideZoneRead
107,"0,ALL","14,19","17,OL","27,22","32,22","39,22","62,22",-,96,Tac,InsideZoneRead
108,"13,ALL","58,2","61,OL","74,10","77,10","88,10","114,10",-,140,Tac,InsideZoneRead
109,"0,ALL","35,18","38,OL","48,19","52,19","56,19","77,19",-,99,Tac,OutsideZoneRead
110,"0,ALL","29,8","31,OL","44,11","48,11","55,11","71,11",-,87,Tac,OutsideZoneRead
111,"0,ALL","18,21","21,OL","33,6","38,6","47,6","67,6",-,102,Tac,InsideZoneRead
112,"0,ALL","1,16","4,OL","11,12","16,12","23,12","49,12",-,64,Tac,InsideZoneRead
113,"0,ALL","73,21","76,OL","87,15","95,15","102,15","122,15","107,16",149,Tac,InsideZoneRead
114,"0,ALL","9,14","12,OL","23,13","28,13","38,13","58,13","38,3",80,Tac,InsideZoneRead
115,"0,ALL","78,21","81,OL","93,18","98,18","111,18","126,18","107,22",148,OOB,InsideZoneRead
116,"0,ALL","21,15","24,OL","35,9","46,9","56,9","70,9","55,7",101,OOB,InsideZoneRead
117,"0,ALL","4,21","7,OL","19,20","25,20","36,20","50,20",-,70,Tac,InsideZoneRead
118,"0,ALL","8,15","11,OL","20,9","24,9","37,9","56,9",-,77,Tac,InsideZoneRead
119,"0,ALL","14,18","17,OL","26,7","31,7","39,7","58,7","49,19",87,OOB,InsideZoneRead
120,"0,ALL","1,13","4,OL","10,4","15,4","23,4","44,4","20,6",78,OOB,InsideZoneRead
121,"0,ALL","26,22","29,OL","37,13","40,13","48,13","63,13",-,93,Tac,InsideZoneRead
122,"0,ALL","21,10","24,OL","32,3","36,3","45,3","67,3",-,99,Tac,InsideZoneRead
123,"0,ALL","28,19","31,OL","41,17","46,17","55,17","72,17",-,103,OOB,InsideZoneRead
124,"0,ALL","1,11","4,OL","12,13","20,13","26,13","40,13",-,55,OOB,InsideZoneRead
125,"0,ALL","24,19","27,OL","37,17","41,17","53,17","66,17",-,124,OOB,InsideZoneRead
126,"0,ALL","73,14","76,OL","85,12","91,12","100,12","117,12",-,161,OOB,InsideZoneRead
127,"0,ALL","2,18","5,OL","14,15","19,15","23,15","43,15",-,64,OOB,OutsideZoneRead
128,"0,ALL","9,14","12,OL","19,9","25,9","29,9","51,9",-,69,OOB,OutsideZoneRead
129,"0,ALL","28,19","31,OL","40,20","45,20","48,20","67,20",-,95,OOB,InsideZoneRead
130,"0,ALL","58,12","61,OL","69,15","73,15","84,15","100,15",-,122,OOB,InsideZoneRead
131,"0,ALL","29,14","32,OL","47,16","51,16","62,16","80,16",-,105,Tac,Counter
132,"0,ALL","26,10","29,OL","45,8","52,8","56,8","80,8",-,106,Tac,Counter
133,"2,ALL","29,21","32,OL","40,5","47,5","62,5","76,5","48,1",110,Tac,InsideZoneRead
134,"0,ALL","25,10","28,OL","37,3","43,3","55,3","71,3","43,15",90,Tac,InsideZoneRead
135,"0,ALL","21,22","24,OL","33,7","39,7","48,7","69,7","46,14",102,Tac,InsideZoneRead
136,"0,ALL","24,13","27,OL","36,10","41,10","48,10","70,10","47,6",104,Tac,InsideZoneRead
137,"0,ALL","3,22","6,OL","14,5","20,5","30,5","48,5","31,9",81,Tac,InsideZoneRead
138,"0,ALL","18,11","21,OL","27,14","30,14","37,14","65,14","35,4",113,Tac,InsideZoneRead
139,"0,ALL","4,11","7,OL","17,10","22,10","26,10","44,10",-,83,Tac,OutsideZoneRead
140,"0,ALL","25,8","28,OL","35,3","41,3","49,3","64,3",-,99,Tac,OutsideZoneRead
141,"0,ALL","6,21","8,OL","23,7","26,7","31,7","42,7",-,72,TD,InsideZoneRead
142,"0,ALL","20,9","23,OL","40,8","45,8","51,8","61,8",-,76,TD,InsideZoneRead
143,"0,ALL","6,20","9,OL","20,15","29,15","33,15","64,15",-,86,Tac,InsideZoneRead
144,"0,ALL","11,4","14,OL","25,8","28,8","36,8","69,8",-,86,Tac,InsideZoneRead
145,"0,ALL","8,21","11,OL","25,14","29,14","36,14","60,14",-,104,Tac,InsideZoneRead
146,"0,ALL","18,8","21,OL","34,6","38,6","43,6","67,6",-,97,Tac,InsideZoneRead
147,"0,ALL","4,13","7,OL","21,11","24,11","32,11","51,11","30,23",96,OOB,OutsideZoneRead
148,"0,ALL","7,6","10,OL","23,4","29,4","34,4","54,4","26,2",90,OOB,OutsideZoneRead
149,"0,ALL","13,19","16,OL","27,6","32,6","38,6","59,6","38,20",89,OOB,InsideZoneRead
150,"0,ALL","19,7","22,OL","32,5","40,5","45,5","66,5","39,1",96,OOB,InsideZoneRead
151,"0,ALL","1,22","4,OL","15,11","22,11","28,11","50,11","21,8",85,TD,InsideZoneRead
152,"0,ALL","16,12","19,OL","29,8","40,8","44,8","66,8",-,86,TD,InsideZoneRead
153,"0,ALL","19,","23,OL","29,16","36,16","44,16","63,16",-,125,Tac,OutsideZoneRead
154,"0,ALL","4,12","7,OL","19,3","23,3","30,3","55,3",-,97,Tac,OutsideZoneRead
155,"0,ALL","13,14","16,OL","28,12","33,12","44,12","69,12",-,100,TD,InsideZoneRead
156,"0,ALL","22,14","25,OL","36,3","42,3","52,3","78,3",-,103,TD,InsideZoneRead
157,"0,ALL","1,20","4,OL","15,21","19,21","28,21","54,21",-,82,Tac,InsideZoneRead
158,"0,ALL","16,8","19,OL","30,13","33,13","39,13","70,13",-,92,Tac,InsideZoneRead
159,"0,ALL","3,22","6,OL","18,6","24,6","29,6","49,6",-,91,Tac,InsideZoneRead
160,"0,ALL","24,9","27,OL","39,12","43,12","49,12","77,12",-,100,Tac,InsideZoneRead
161,"0,ALL","22,19","25,OL","32,11","41,11","47,11","71,11",-,104,OOB,InsideZoneRead
162,"0,ALL","19,13","21,OL","31,8","35,8","41,8","70,8",-,105,OOB,InsideZoneRead
163,"0,ALL","17,14","20,OL","30,9","35,9","43,9","62,9",-,104,OOB,InsideZoneRead
164,"0,ALL","24,11","27,OL","38,15","45,15","50,15","72,15",-,102,OOB,InsideZoneRead
165,"0,ALL","26,12","29,OL","39,9","47,9","54,9","68,9",-,86,Tac,InsideZoneRead
166,"0,ALL","16,14","19,OL","30,7","36,7","42,7","61,7","48,12",88,Tac,InsideZoneRead
167,"0,ALL","22,16","25,OL","35,10","39,10","48,10","74,10",-,108,Tac,InsideZoneRead
168,"0,ALL","26,12","29,OL","40,13","44,13","50,13","79,13",-,101,Tac,InsideZoneRead
169,"0,ALL","10,7","13,OL","24,11","29,11","38,11","61,11",-,83,Tac,InsideZoneRead
170,"0,ALL","1,12","4,OL","15,11","20,11","26,11","52,11",-,82,Tac,InsideZoneRead
171,"0,ALL","13,11","16,OL","27,15","30,15","36,15","58,15","45,14",77,OOB,InsideZoneRead
172,"0,ALL","21,9","24,OL","37,13","41,13","46,13","69,13",-,97,OOB,InsideZoneRead
173,"0,ALL","24,18","27,OL","39,12","44,12","49,12","67,12",-,90,OOB,InsideZoneRead
174,"0,ALL","31,14","34,OL","39,13","44,13","52,13","71,13",-,87,OOB,InsideZoneRead
175,"0,ALL","5,14","8,OL","18,13","23,13","29,13","59,13","53,10",91,Tac,InsideZoneRead
176,"0,ALL","3,11","6,OL","18,12","21,12","27,12","59,12","32,11",77,Tac,InsideZoneRead
177,"0,ALL","17,20","20,OL","30,13","36,13","44,13","70,13",-,105,Tac,InsideZoneRead
178,"0,ALL","5,14","8,OL","19,11","24,11","31,11","58,11","32,5",81,Tac,InsideZoneRead
179,"0,ALL","19,17","22,OL","32,16","41,16","47,16","65,16",-,86,Tac,OutsideZoneRead
180,"0,ALL","7,10","10,OL","20,5","25,5","30,5","52,5","40,7",75,Tac,OutsideZoneRead
181,"0,ALL","5,14","8,OL","19,13","24,13","31,13","58,13",-,91,Tac,InsideZoneRead
182,"0,ALL","11,11","14,OL","25,10","29,10","35,10","55,10","36,11",76,Tac,InsideZoneRead
183,"0,ALL","25,22","28,OL","38,17","44,17","49,17","63,17",-,79,TD,InsideZoneRead
184,"0,ALL","21,2","24,OL","35,9","39,9","45,9","59,9","45,5",81,TD,InsideZoneRead
185,"0,ALL","3,6","6,OL","15,15","22,15","25,15","55,15","32,22",111,Tac,OutsideZoneRead
186,"0,ALL","5,13","8,OL","19,6","23,6","34,6","59,6","33,10",113,Tac,OutsideZoneRead
187,"0,ALL","8,11","11,OL","23,15","31,15","42,15","58,15",-,105,Tac,OutsideZoneRead
188,"0,ALL","20,14","23,OL","34,10","39,10","51,10","68,10",-,108,Tac,OutsideZoneRead
189,"0,ALL","12,10","15,OL","28,12","31,12","38,12","63,12",-,111,Tac,OutsideZoneRead
190,"0,ALL","6,5","8,OL","24,9","27,9","33,9","52,9","65,5",105,Tac,OutsideZoneRead
191,"0,ALL","5,14","8,OL","20,12","24,12","33,12","47,12",-,66,Tac,OutsideZoneRead
192,"0,ALL","2,12","5,OL","19,15","21,15","26,15","46,15","17,14",75,Tac,OutsideZoneRead
193,"0,ALL","18,21","21,OL","37,16","40,16","42,16","56,16",-,104,Tac,OutsideZoneRead
194,"0,ALL","28,13","31,OL","40,9","52,9","57,9","68,9",-,118,Tac,OutsideZoneRead
195,"0,ALL","25,12","28,OL","41,20","46,20","57,20","72,20",-,110,Tac,InsideZoneRead
196,"0,ALL","3,15","6,OL","19,10","23,10","32,10","52,10",-,81,Tac,InsideZoneRead
197,"0,ALL","17,20","20,OL","34,19","39,19","47,19","70,19",-,109,OOB,InsideZoneRead
198,"0,ALL","8,15","11,OL","23,9","28,9","38,9","61,9",-,89,OOB,InsideZoneRead